pid,name,username,cpu_percent,memory_info
0,System Idle Process,NT AUTHORITY\SYSTEM,0.0,"pmem(rss=8192, vms=61440, num_page_faults=9, peak_wset=12288, wset=8192, peak_paged_pool=0, paged_pool=0, peak_nonpaged_pool=272, nonpaged_pool=272, pagefile=61440, peak_pagefile=61440, private=61440)"
4,System,NT AUTHORITY\SYSTEM,0.0,"pmem(rss=32768, vms=200704, num_page_faults=2806, peak_wset=909312, wset=32768, peak_paged_pool=0, paged_pool=0, peak_nonpaged_pool=272, nonpaged_pool=272, pagefile=200704, peak_pagefile=278528, private=200704)"
124,Registry,,0.0,"pmem(rss=96395264, vms=11841536, num_page_faults=87233, peak_wset=122953728, wset=96395264, peak_paged_pool=340640, paged_pool=310816, peak_nonpaged_pool=15096, nonpaged_pool=13056, pagefile=11841536, peak_pagefile=58769408, private=11841536)"
672,smss.exe,,0.0,"pmem(rss=589824, vms=1089536, num_page_faults=1323, peak_wset=1290240, wset=589824, peak_paged_pool=24320, paged_pool=13232, peak_nonpaged_pool=5808, nonpaged_pool=3224, pagefile=1089536, peak_pagefile=1159168, private=1089536)"
732,msedge.exe,DESKTOP-5JAJVCB\taylor,0.0,"pmem(rss=8126464, vms=2174976, num_page_faults=2458, peak_wset=8495104, wset=8126464, peak_paged_pool=154480, paged_pool=153680, peak_nonpaged_pool=10088, nonpaged_pool=9648, pagefile=2174976, peak_pagefile=2375680, private=2174976)"
772,csrss.exe,,0.0,"pmem(rss=5644288, vms=2232320, num_page_faults=4112, peak_wset=5820416, wset=5644288, peak_paged_pool=283192, paged_pool=253048, peak_nonpaged_pool=28256, nonpaged_pool=24536, pagefile=2232320, peak_pagefile=2506752, private=2232320)"
792,conhost.exe,DESKTOP-5JAJVCB\taylor,0.0,"pmem(rss=1048576, vms=6475776, num_page_faults=2977, peak_wset=11276288, wset=1048576, peak_paged_pool=180264, paged_pool=122320, peak_nonpaged_pool=7872, nonpaged_pool=7600, pagefile=6475776, peak_pagefile=6549504, private=6475776)"
872,wininit.exe,,0.0,"pmem(rss=6475776, vms=1822720, num_page_faults=3964, peak_wset=7565312, wset=6475776, peak_paged_pool=91480, paged_pool=80488, peak_nonpaged_pool=14048, nonpaged_pool=11648, pagefile=1822720, peak_pagefile=2375680, private=1822720)"
944,services.exe,,0.0,"pmem(rss=10776576, vms=7249920, num_page_faults=56022, peak_wset=21434368, wset=10776576, peak_paged_pool=226256, paged_pool=171800, peak_nonpaged_pool=20336, nonpaged_pool=12208, pagefile=7249920, peak_pagefile=14610432, private=7249920)"
952,lsass.exe,,0.0,"pmem(rss=20967424, vms=8716288, num_page_faults=15948, peak_wset=21274624, wset=20967424, peak_paged_pool=167272, paged_pool=165608, peak_nonpaged_pool=29656, nonpaged_pool=26560, pagefile=8716288, peak_pagefile=8966144, private=8716288)"
964,NisSrv.exe,,0.0,"pmem(rss=12292096, vms=7319552, num_page_faults=22888, peak_wset=14327808, wset=12292096, peak_paged_pool=121368, paged_pool=120864, peak_nonpaged_pool=41384, nonpaged_pool=12408, pagefile=7319552, peak_pagefile=10014720, private=7319552)"
1032,svchost.exe,,0.0,"pmem(rss=30343168, vms=12156928, num_page_faults=43050, peak_wset=31870976, wset=30343168, peak_paged_pool=589568, paged_pool=575488, peak_nonpaged_pool=32192, nonpaged_pool=23144, pagefile=12156928, peak_pagefile=13615104, private=12156928)"
1060,fontdrvhost.exe,,0.0,"pmem(rss=2809856, vms=1937408, num_page_faults=1798, peak_wset=4685824, wset=2809856, peak_paged_pool=48016, paged_pool=48016, peak_nonpaged_pool=7624, nonpaged_pool=6792, pagefile=1937408, peak_pagefile=2023424, private=1937408)"
1144,powershell.exe,DESKTOP-5JAJVCB\taylor,0.0,"pmem(rss=80273408, vms=68308992, num_page_faults=43446, peak_wset=81788928, wset=80273408, peak_paged_pool=486360, paged_pool=481880, peak_nonpaged_pool=43064, nonpaged_pool=29192, pagefile=68308992, peak_pagefile=71241728, private=68308992)"
1160,NVDisplay.Container.exe,,0.0,"pmem(rss=33648640, vms=23896064, num_page_faults=401580, peak_wset=52867072, wset=33648640, peak_paged_pool=413192, paged_pool=262264, peak_nonpaged_pool=25872, nonpaged_pool=22344, pagefile=23896064, peak_pagefile=30007296, private=23896064)"
1168,svchost.exe,,0.0,"pmem(rss=16945152, vms=10219520, num_page_faults=63995, peak_wset=17485824, wset=16945152, peak_paged_pool=183544, paged_pool=181048, peak_nonpaged_pool=25872, nonpaged_pool=19208, pagefile=10219520, peak_pagefile=10674176, private=10219520)"
1216,svchost.exe,,0.0,"pmem(rss=8224768, vms=2945024, num_page_faults=3750, peak_wset=8900608, wset=8224768, peak_paged_pool=140064, paged_pool=123328, peak_nonpaged_pool=11688, nonpaged_pool=10736, pagefile=2945024, peak_pagefile=24207360, private=2945024)"
1352,svchost.exe,,0.0,"pmem(rss=9830400, vms=2711552, num_page_faults=3802, peak_wset=10846208, wset=9830400, peak_paged_pool=103616, paged_pool=102360, peak_nonpaged_pool=18352, nonpaged_pool=13320, pagefile=2711552, peak_pagefile=3207168, private=2711552)"
1360,svchost.exe,,0.0,"pmem(rss=11116544, vms=2060288, num_page_faults=4001, peak_wset=12587008, wset=11116544, peak_paged_pool=125696, paged_pool=125376, peak_nonpaged_pool=10464, nonpaged_pool=9512, pagefile=2060288, peak_pagefile=2478080, private=2060288)"
1420,svchost.exe,,0.0,"pmem(rss=18001920, vms=16912384, num_page_faults=41942, peak_wset=23846912, wset=18001920, peak_paged_pool=102624, paged_pool=87016, peak_nonpaged_pool=14816, nonpaged_pool=13944, pagefile=16912384, peak_pagefile=20963328, private=16912384)"
1500,unsecapp.exe,,0.0,"pmem(rss=7905280, vms=1572864, num_page_faults=2284, peak_wset=8073216, wset=7905280, peak_paged_pool=105992, paged_pool=105816, peak_nonpaged_pool=8696, nonpaged_pool=8152, pagefile=1572864, peak_pagefile=1597440, private=1572864)"
1520,SogouCloud.exe,DESKTOP-5JAJVCB\taylor,0.0,"pmem(rss=51167232, vms=36659200, num_page_faults=38995, peak_wset=51761152, wset=51167232, peak_paged_pool=346584, paged_pool=334240, peak_nonpaged_pool=59816, nonpaged_pool=41432, pagefile=36659200, peak_pagefile=37822464, private=36659200)"
1536,IntelCpHDCPSvc.exe,,0.0,"pmem(rss=6303744, vms=1490944, num_page_faults=3380, peak_wset=8470528, wset=6303744, peak_paged_pool=88960, paged_pool=87176, peak_nonpaged_pool=10192, nonpaged_pool=8352, pagefile=1490944, peak_pagefile=1744896, private=1490944)"
1576,svchost.exe,,0.0,"pmem(rss=5300224, vms=1687552, num_page_faults=2272, peak_wset=6930432, wset=5300224, peak_paged_pool=82112, paged_pool=76416, peak_nonpaged_pool=10984, nonpaged_pool=10440, pagefile=1687552, peak_pagefile=1855488, private=1687552)"
1608,msedge.exe,DESKTOP-5JAJVCB\taylor,0.0,"pmem(rss=149000192, vms=90271744, num_page_faults=458939, peak_wset=251080704, wset=149000192, peak_paged_pool=1327560, paged_pool=1091800, peak_nonpaged_pool=35288, nonpaged_pool=27200, pagefile=90271744, peak_pagefile=152408064, private=90271744)"
1620,conhost.exe,DESKTOP-5JAJVCB\taylor,0.0,"pmem(rss=6676480, vms=1433600, num_page_faults=1725, peak_wset=6692864, wset=6676480, peak_paged_pool=138688, paged_pool=137312, peak_nonpaged_pool=8896, nonpaged_pool=8144, pagefile=1433600, peak_pagefile=1507328, private=1433600)"
1764,svchost.exe,,0.0,"pmem(rss=11239424, vms=8798208, num_page_faults=32025, peak_wset=11878400, wset=11239424, peak_paged_pool=62224, paged_pool=60384, peak_nonpaged_pool=35352, nonpaged_pool=29848, pagefile=8798208, peak_pagefile=9797632, private=8798208)"
1776,svchost.exe,,0.0,"pmem(rss=14897152, vms=6811648, num_page_faults=12822, peak_wset=16498688, wset=14897152, peak_paged_pool=337952, paged_pool=277568, peak_nonpaged_pool=23688, nonpaged_pool=17448, pagefile=6811648, peak_pagefile=7688192, private=6811648)"
1828,svchost.exe,,0.0,"pmem(rss=13455360, vms=3522560, num_page_faults=4842, peak_wset=14913536, wset=13455360, peak_paged_pool=167840, paged_pool=161536, peak_nonpaged_pool=15096, nonpaged_pool=14136, pagefile=3522560, peak_pagefile=4055040, private=3522560)"
1836,svchost.exe,,0.0,"pmem(rss=10190848, vms=2490368, num_page_faults=3762, peak_wset=12365824, wset=10190848, peak_paged_pool=121016, paged_pool=119208, peak_nonpaged_pool=13456, nonpaged_pool=12368, pagefile=2490368, peak_pagefile=2899968, private=2490368)"
1872,chrome.exe,DESKTOP-5JAJVCB\taylor,0.0,"pmem(rss=104767488, vms=62570496, num_page_faults=64013, peak_wset=139067392, wset=104767488, peak_paged_pool=1071024, paged_pool=741960, peak_nonpaged_pool=40000, nonpaged_pool=26800, pagefile=62570496, peak_pagefile=81031168, private=62570496)"
1892,StartMenuExperienceHost.exe,,0.0,"pmem(rss=184320, vms=21061632, num_page_faults=6724, peak_wset=26324992, wset=184320, peak_paged_pool=665304, paged_pool=4224, peak_nonpaged_pool=250184, nonpaged_pool=224888, pagefile=21061632, peak_pagefile=69615616, private=21061632)"
1904,IntelCpHeciSvc.exe,,0.0,"pmem(rss=6410240, vms=1687552, num_page_faults=3345, peak_wset=8212480, wset=6410240, peak_paged_pool=74768, paged_pool=73576, peak_nonpaged_pool=9376, nonpaged_pool=7672, pagefile=1687552, peak_pagefile=1769472, private=1687552)"
1912,svchost.exe,,0.0,"pmem(rss=6938624, vms=2732032, num_page_faults=4241, peak_wset=9039872, wset=6938624, peak_paged_pool=85496, paged_pool=83816, peak_nonpaged_pool=29916, nonpaged_pool=10352, pagefile=2732032, peak_pagefile=4071424, private=2732032)"
1992,svchost.exe,,0.0,"pmem(rss=10194944, vms=2981888, num_page_faults=9569, peak_wset=11378688, wset=10194944, peak_paged_pool=92992, paged_pool=91376, peak_nonpaged_pool=12776, nonpaged_pool=10736, pagefile=2981888, peak_pagefile=3604480, private=2981888)"
2052,svchost.exe,,0.0,"pmem(rss=12701696, vms=5758976, num_page_faults=8196, peak_wset=13856768, wset=12701696, peak_paged_pool=118648, paged_pool=110856, peak_nonpaged_pool=28840, nonpaged_pool=16968, pagefile=5758976, peak_pagefile=7274496, private=5758976)"
2076,SystemSettings.exe,DESKTOP-5JAJVCB\taylor,0.0,"pmem(rss=2215936, vms=60440576, num_page_faults=38569, peak_wset=132276224, wset=2215936, peak_paged_pool=1221784, paged_pool=1100792, peak_nonpaged_pool=50848, nonpaged_pool=48056, pagefile=60440576, peak_pagefile=100601856, private=60440576)"
2080,RAVBg64.exe,,0.0,"pmem(rss=14454784, vms=6078464, num_page_faults=5298, peak_wset=16084992, wset=14454784, peak_paged_pool=224208, paged_pool=199184, peak_nonpaged_pool=16704, nonpaged_pool=14608, pagefile=6078464, peak_pagefile=6316032, private=6078464)"
2172,svchost.exe,,0.0,"pmem(rss=4927488, vms=1732608, num_page_faults=2009, peak_wset=6553600, wset=4927488, peak_paged_pool=64904, paged_pool=62520, peak_nonpaged_pool=8016, nonpaged_pool=7472, pagefile=1732608, peak_pagefile=1789952, private=1732608)"
2180,svchost.exe,,0.0,"pmem(rss=11513856, vms=3174400, num_page_faults=43776, peak_wset=11956224, wset=11513856, peak_paged_pool=101080, paged_pool=100808, peak_nonpaged_pool=14320, nonpaged_pool=12960, pagefile=3174400, peak_pagefile=3649536, private=3174400)"
2280,svchost.exe,,0.0,"pmem(rss=10207232, vms=4091904, num_page_faults=7599, peak_wset=11321344, wset=10207232, peak_paged_pool=112872, paged_pool=112200, peak_nonpaged_pool=22104, nonpaged_pool=14928, pagefile=4091904, peak_pagefile=5918720, private=4091904)"
2328,svchost.exe,,0.0,"pmem(rss=14032896, vms=2437120, num_page_faults=4591, peak_wset=14917632, wset=14032896, peak_paged_pool=103104, paged_pool=102832, peak_nonpaged_pool=11752, nonpaged_pool=10800, pagefile=2437120, peak_pagefile=2719744, private=2437120)"
2340,svchost.exe,,0.0,"pmem(rss=19537920, vms=11665408, num_page_faults=76601, peak_wset=23166976, wset=19537920, peak_paged_pool=82840, paged_pool=82504, peak_nonpaged_pool=11336, nonpaged_pool=9784, pagefile=11665408, peak_pagefile=15417344, private=11665408)"
2400,atiesrxx.exe,,0.0,"pmem(rss=6217728, vms=1818624, num_page_faults=3745, peak_wset=7884800, wset=6217728, peak_paged_pool=80648, paged_pool=80144, peak_nonpaged_pool=11512, nonpaged_pool=9848, pagefile=1818624, peak_pagefile=2007040, private=1818624)"
2408,amdfendrsr.exe,,0.0,"pmem(rss=6332416, vms=2195456, num_page_faults=3194, peak_wset=8122368, wset=6332416, peak_paged_pool=99368, paged_pool=99096, peak_nonpaged_pool=9672, nonpaged_pool=8216, pagefile=2195456, peak_pagefile=2297856, private=2195456)"
2548,svchost.exe,,0.0,"pmem(rss=5939200, vms=1536000, num_page_faults=2352, peak_wset=7815168, wset=5939200, peak_paged_pool=65960, paged_pool=65848, peak_nonpaged_pool=9104, nonpaged_pool=8152, pagefile=1536000, peak_pagefile=1810432, private=1536000)"
2652,svchost.exe,,0.0,"pmem(rss=13647872, vms=2797568, num_page_faults=185691, peak_wset=18014208, wset=13647872, peak_paged_pool=129704, paged_pool=108768, peak_nonpaged_pool=13624, nonpaged_pool=12024, pagefile=2797568, peak_pagefile=8634368, private=2797568)"
2660,svchost.exe,,0.0,"pmem(rss=4730880, vms=1429504, num_page_faults=3670, peak_wset=6381568, wset=4730880, peak_paged_pool=76176, paged_pool=76168, peak_nonpaged_pool=8424, nonpaged_pool=7744, pagefile=1429504, peak_pagefile=1617920, private=1429504)"
2668,svchost.exe,,0.0,"pmem(rss=6733824, vms=2027520, num_page_faults=2874, peak_wset=8376320, wset=6733824, peak_paged_pool=74752, paged_pool=74656, peak_nonpaged_pool=10384, nonpaged_pool=9160, pagefile=2027520, peak_pagefile=2449408, private=2027520)"
2684,NVIDIA Share.exe,DESKTOP-5JAJVCB\taylor,0.0,"pmem(rss=35966976, vms=58859520, num_page_faults=13896, peak_wset=41504768, wset=35966976, peak_paged_pool=784288, paged_pool=779360, peak_nonpaged_pool=28384, nonpaged_pool=27160, pagefile=58859520, peak_pagefile=59027456, private=58859520)"
2716,msedge.exe,DESKTOP-5JAJVCB\taylor,0.0,"pmem(rss=151773184, vms=197963776, num_page_faults=665959, peak_wset=245628928, wset=151773184, peak_paged_pool=1634552, paged_pool=1171424, peak_nonpaged_pool=62760, nonpaged_pool=49288, pagefile=197963776, peak_pagefile=585691136, private=197963776)"
2728,ChsIME.exe,DESKTOP-5JAJVCB\taylor,0.0,"pmem(rss=8298496, vms=1503232, num_page_faults=2253, peak_wset=8556544, wset=8298496, peak_paged_pool=126744, paged_pool=125160, peak_nonpaged_pool=9088, nonpaged_pool=8272, pagefile=1503232, peak_pagefile=1679360, private=1503232)"
2768,MemCompression,,0.0,"pmem(rss=157065216, vms=606208, num_page_faults=176757, peak_wset=321556480, wset=157065216, peak_paged_pool=4224, paged_pool=4224, peak_nonpaged_pool=0, nonpaged_pool=0, pagefile=606208, peak_pagefile=839680, private=606208)"
2812,svchost.exe,,0.0,"pmem(rss=7774208, vms=2068480, num_page_faults=3329, peak_wset=8859648, wset=7774208, peak_paged_pool=82040, paged_pool=80152, peak_nonpaged_pool=14560, nonpaged_pool=12496, pagefile=2068480, peak_pagefile=2539520, private=2068480)"
2840,igfxCUIService.exe,,0.0,"pmem(rss=8351744, vms=2052096, num_page_faults=4457, peak_wset=10326016, wset=8351744, peak_paged_pool=103336, paged_pool=93872, peak_nonpaged_pool=12568, nonpaged_pool=10120, pagefile=2052096, peak_pagefile=2265088, private=2052096)"
2884,svchost.exe,,0.0,"pmem(rss=7487488, vms=2457600, num_page_faults=4839, peak_wset=9424896, wset=7487488, peak_paged_pool=101008, paged_pool=99280, peak_nonpaged_pool=18008, nonpaged_pool=10112, pagefile=2457600, peak_pagefile=2932736, private=2457600)"
2892,svchost.exe,,0.0,"pmem(rss=7225344, vms=2056192, num_page_faults=43129, peak_wset=21295104, wset=7225344, peak_paged_pool=504896, paged_pool=125048, peak_nonpaged_pool=16024, nonpaged_pool=10176, pagefile=2056192, peak_pagefile=8335360, private=2056192)"
3048,svchost.exe,,0.0,"pmem(rss=7946240, vms=2543616, num_page_faults=27137, peak_wset=10059776, wset=7946240, peak_paged_pool=91728, paged_pool=91424, peak_nonpaged_pool=18816, nonpaged_pool=10632, pagefile=2543616, peak_pagefile=5722112, private=2543616)"
3100,svchost.exe,,0.0,"pmem(rss=8044544, vms=3891200, num_page_faults=17892, peak_wset=10641408, wset=8044544, peak_paged_pool=93392, paged_pool=89136, peak_nonpaged_pool=29104, nonpaged_pool=14400, pagefile=3891200, peak_pagefile=5238784, private=3891200)"
3108,svchost.exe,,0.0,"pmem(rss=13488128, vms=2846720, num_page_faults=5734, peak_wset=13856768, wset=13488128, peak_paged_pool=132864, paged_pool=131328, peak_nonpaged_pool=25024, nonpaged_pool=17264, pagefile=2846720, peak_pagefile=3444736, private=2846720)"
3156,AppleMobileDeviceProcess.exe,DESKTOP-5JAJVCB\taylor,0.0,"pmem(rss=14426112, vms=3555328, num_page_faults=9320, peak_wset=14843904, wset=14426112, peak_paged_pool=274640, paged_pool=274096, peak_nonpaged_pool=19776, nonpaged_pool=18152, pagefile=3555328, peak_pagefile=4055040, private=3555328)"
3336,SecurityHealthSystray.exe,DESKTOP-5JAJVCB\taylor,0.0,"pmem(rss=10072064, vms=1961984, num_page_faults=2903, peak_wset=10211328, wset=10072064, peak_paged_pool=154992, paged_pool=148608, peak_nonpaged_pool=10872, nonpaged_pool=9648, pagefile=1961984, peak_pagefile=2138112, private=1961984)"
3340,svchost.exe,,0.0,"pmem(rss=19189760, vms=9981952, num_page_faults=27476, peak_wset=47255552, wset=19189760, peak_paged_pool=121728, paged_pool=115592, peak_nonpaged_pool=23752, nonpaged_pool=17904, pagefile=9981952, peak_pagefile=40263680, private=9981952)"
3356,RAVBg64.exe,DESKTOP-5JAJVCB\taylor,0.0,"pmem(rss=13635584, vms=5021696, num_page_faults=5172, peak_wset=14385152, wset=13635584, peak_paged_pool=184224, paged_pool=183952, peak_nonpaged_pool=15072, nonpaged_pool=13520, pagefile=5021696, peak_pagefile=5193728, private=5021696)"
3368,svchost.exe,DESKTOP-5JAJVCB\taylor,0.0,"pmem(rss=24092672, vms=6131712, num_page_faults=8410, peak_wset=24170496, wset=24092672, peak_paged_pool=228600, paged_pool=226224, peak_nonpaged_pool=28104, nonpaged_pool=27560, pagefile=6131712, peak_pagefile=6905856, private=6131712)"
3372,chrome.exe,DESKTOP-5JAJVCB\taylor,0.0,"pmem(rss=20221952, vms=11862016, num_page_faults=5406, peak_wset=20271104, wset=20221952, peak_paged_pool=647624, paged_pool=647320, peak_nonpaged_pool=15976, nonpaged_pool=15088, pagefile=11862016, peak_pagefile=12005376, private=11862016)"
3596,svchost.exe,,0.0,"pmem(rss=14409728, vms=4345856, num_page_faults=8158, peak_wset=15298560, wset=14409728, peak_paged_pool=126720, paged_pool=125984, peak_nonpaged_pool=16568, nonpaged_pool=14392, pagefile=4345856, peak_pagefile=5046272, private=4345856)"
3664,RtkAudioService64.exe,,0.0,"pmem(rss=7303168, vms=1978368, num_page_faults=5286, peak_wset=9363456, wset=7303168, peak_paged_pool=124480, paged_pool=113736, peak_nonpaged_pool=11128, nonpaged_pool=9304, pagefile=1978368, peak_pagefile=2224128, private=1978368)"
3672,Code.exe,DESKTOP-5JAJVCB\taylor,0.0,"pmem(rss=118812672, vms=195235840, num_page_faults=154377, peak_wset=119447552, wset=118812672, peak_paged_pool=962168, paged_pool=910024, peak_nonpaged_pool=32192, nonpaged_pool=29248, pagefile=195235840, peak_pagefile=246136832, private=195235840)"
3676,dasHost.exe,,0.0,"pmem(rss=13004800, vms=4083712, num_page_faults=8237, peak_wset=14008320, wset=13004800, peak_paged_pool=109352, paged_pool=105592, peak_nonpaged_pool=23544, nonpaged_pool=17496, pagefile=4083712, peak_pagefile=5386240, private=4083712)"
3704,SGTool.exe,DESKTOP-5JAJVCB\taylor,0.0,"pmem(rss=47570944, vms=28098560, num_page_faults=96673, peak_wset=56446976, wset=47570944, peak_paged_pool=399432, paged_pool=346992, peak_nonpaged_pool=52120, nonpaged_pool=41720, pagefile=28098560, peak_pagefile=37040128, private=28098560)"
3744,msedge.exe,DESKTOP-5JAJVCB\taylor,0.0,"pmem(rss=118325248, vms=65482752, num_page_faults=85067, peak_wset=147132416, wset=118325248, peak_paged_pool=1155448, paged_pool=875792, peak_nonpaged_pool=33400, nonpaged_pool=23264, pagefile=65482752, peak_pagefile=99225600, private=65482752)"
3868,chrome.exe,DESKTOP-5JAJVCB\taylor,0.0,"pmem(rss=295698432, vms=170819584, num_page_faults=1499235, peak_wset=335183872, wset=295698432, peak_paged_pool=1667712, paged_pool=1515240, peak_nonpaged_pool=119496, nonpaged_pool=85792, pagefile=170819584, peak_pagefile=210640896, private=170819584)"
3872,svchost.exe,,0.0,"pmem(rss=9392128, vms=3158016, num_page_faults=4631, peak_wset=11046912, wset=9392128, peak_paged_pool=105752, paged_pool=105592, peak_nonpaged_pool=22904, nonpaged_pool=15224, pagefile=3158016, peak_pagefile=3883008, private=3158016)"
3880,svchost.exe,,0.0,"pmem(rss=5705728, vms=1851392, num_page_faults=3478, peak_wset=7192576, wset=5705728, peak_paged_pool=68728, paged_pool=68728, peak_nonpaged_pool=15056, nonpaged_pool=11136, pagefile=1851392, peak_pagefile=2318336, private=1851392)"
3964,RuntimeBroker.exe,DESKTOP-5JAJVCB\taylor,0.0,"pmem(rss=15810560, vms=3678208, num_page_faults=7550, peak_wset=23945216, wset=15810560, peak_paged_pool=269888, paged_pool=181728, peak_nonpaged_pool=21856, nonpaged_pool=14320, pagefile=3678208, peak_pagefile=6373376, private=3678208)"
3980,FileCoAuth.exe,DESKTOP-5JAJVCB\taylor,0.0,"pmem(rss=21446656, vms=5382144, num_page_faults=6310, peak_wset=23617536, wset=21446656, peak_paged_pool=228656, paged_pool=226752, peak_nonpaged_pool=15904, nonpaged_pool=15632, pagefile=5382144, peak_pagefile=7581696, private=5382144)"
4024,svchost.exe,,0.0,"pmem(rss=16977920, vms=6295552, num_page_faults=9520, peak_wset=19677184, wset=16977920, peak_paged_pool=172456, paged_pool=165272, peak_nonpaged_pool=27488, nonpaged_pool=20528, pagefile=6295552, peak_pagefile=7622656, private=6295552)"
4072,svchost.exe,,0.0,"pmem(rss=7766016, vms=2703360, num_page_faults=3058, peak_wset=9478144, wset=7766016, peak_paged_pool=90440, paged_pool=88728, peak_nonpaged_pool=14728, nonpaged_pool=11600, pagefile=2703360, peak_pagefile=3313664, private=2703360)"
4224,spoolsv.exe,,0.0,"pmem(rss=12959744, vms=5697536, num_page_faults=7679, peak_wset=16568320, wset=12959744, peak_paged_pool=148584, paged_pool=140840, peak_nonpaged_pool=36080, nonpaged_pool=20824, pagefile=5697536, peak_pagefile=6582272, private=5697536)"
4292,svchost.exe,,0.0,"pmem(rss=22540288, vms=14598144, num_page_faults=68060, peak_wset=27832320, wset=22540288, peak_paged_pool=119096, paged_pool=116272, peak_nonpaged_pool=38560, nonpaged_pool=32720, pagefile=14598144, peak_pagefile=18763776, private=14598144)"
4328,svchost.exe,,0.0,"pmem(rss=6889472, vms=2228224, num_page_faults=2967, peak_wset=8769536, wset=6889472, peak_paged_pool=91000, paged_pool=85240, peak_nonpaged_pool=15440, nonpaged_pool=10952, pagefile=2228224, peak_pagefile=2355200, private=2228224)"
4496,svchost.exe,,0.0,"pmem(rss=8142848, vms=2437120, num_page_faults=3405, peak_wset=10027008, wset=8142848, peak_paged_pool=93264, paged_pool=90288, peak_nonpaged_pool=13992, nonpaged_pool=11696, pagefile=2437120, peak_pagefile=2826240, private=2437120)"
4600,svchost.exe,,0.0,"pmem(rss=17530880, vms=4616192, num_page_faults=30536, peak_wset=24797184, wset=17530880, peak_paged_pool=198728, paged_pool=147112, peak_nonpaged_pool=18992, nonpaged_pool=14272, pagefile=4616192, peak_pagefile=6115328, private=4616192)"
4668,svchost.exe,,0.0,"pmem(rss=32477184, vms=23642112, num_page_faults=177033, peak_wset=155738112, wset=32477184, peak_paged_pool=479512, paged_pool=143936, peak_nonpaged_pool=37552, nonpaged_pool=20832, pagefile=23642112, peak_pagefile=167182336, private=23642112)"
4676,svchost.exe,,0.0,"pmem(rss=13295616, vms=6508544, num_page_faults=25967, peak_wset=60551168, wset=13295616, peak_paged_pool=1478104, paged_pool=119336, peak_nonpaged_pool=1483344, nonpaged_pool=26080, pagefile=6508544, peak_pagefile=54407168, private=6508544)"
4684,svchost.exe,,0.0,"pmem(rss=20344832, vms=4829184, num_page_faults=7327, peak_wset=22016000, wset=20344832, peak_paged_pool=177168, paged_pool=166408, peak_nonpaged_pool=24400, nonpaged_pool=18928, pagefile=4829184, peak_pagefile=5337088, private=4829184)"
4720,OneApp.IGCC.WinService.exe,,0.0,"pmem(rss=48173056, vms=40525824, num_page_faults=46502, peak_wset=65605632, wset=48173056, peak_paged_pool=449024, paged_pool=442912, peak_nonpaged_pool=46480, nonpaged_pool=34256, pagefile=40525824, peak_pagefile=46141440, private=40525824)"
4728,svchost.exe,,0.0,"pmem(rss=10354688, vms=3166208, num_page_faults=5209, peak_wset=11812864, wset=10354688, peak_paged_pool=102888, paged_pool=102264, peak_nonpaged_pool=21528, nonpaged_pool=16624, pagefile=3166208, peak_pagefile=3883008, private=3166208)"
4736,svchost.exe,,0.0,"pmem(rss=47493120, vms=22188032, num_page_faults=87842, peak_wset=92794880, wset=47493120, peak_paged_pool=279448, paged_pool=240272, peak_nonpaged_pool=33792, nonpaged_pool=29504, pagefile=22188032, peak_pagefile=69120000, private=22188032)"
4756,FNPLicensingService.exe,,0.0,"pmem(rss=7032832, vms=2207744, num_page_faults=4479, peak_wset=9912320, wset=7032832, peak_paged_pool=88680, paged_pool=86016, peak_nonpaged_pool=15632, nonpaged_pool=12336, pagefile=2207744, peak_pagefile=2809856, private=2207744)"
4764,nvcontainer.exe,,0.0,"pmem(rss=36438016, vms=13086720, num_page_faults=57612, peak_wset=41754624, wset=36438016, peak_paged_pool=322440, paged_pool=294504, peak_nonpaged_pool=49760, nonpaged_pool=36664, pagefile=13086720, peak_pagefile=15638528, private=13086720)"
4772,svchost.exe,,0.0,"pmem(rss=4726784, vms=1392640, num_page_faults=1905, peak_wset=6320128, wset=4726784, peak_paged_pool=65272, paged_pool=63120, peak_nonpaged_pool=9336, nonpaged_pool=7648, pagefile=1392640, peak_pagefile=1609728, private=1392640)"
4780,jhi_service.exe,,0.0,"pmem(rss=5197824, vms=1384448, num_page_faults=2920, peak_wset=7192576, wset=5197824, peak_paged_pool=86968, paged_pool=86472, peak_nonpaged_pool=9416, nonpaged_pool=8736, pagefile=1384448, peak_pagefile=1531904, private=1384448)"
4788,vmware-usbarbitrator64.exe,,0.0,"pmem(rss=9916416, vms=3112960, num_page_faults=6018, peak_wset=11980800, wset=9916416, peak_paged_pool=133712, paged_pool=133200, peak_nonpaged_pool=17320, nonpaged_pool=13056, pagefile=3112960, peak_pagefile=3174400, private=3112960)"
4792,WMIRegistrationService.exe,,0.0,"pmem(rss=10829824, vms=2781184, num_page_faults=5805, peak_wset=14938112, wset=10829824, peak_paged_pool=132816, paged_pool=122704, peak_nonpaged_pool=17656, nonpaged_pool=12968, pagefile=2781184, peak_pagefile=3702784, private=2781184)"
4804,vmnetdhcp.exe,,0.0,"pmem(rss=4034560, vms=8044544, num_page_faults=3936, peak_wset=12406784, wset=4034560, peak_paged_pool=55656, paged_pool=55240, peak_nonpaged_pool=9016, nonpaged_pool=8352, pagefile=8044544, peak_pagefile=8175616, private=8044544)"
4812,RstMwService.exe,,0.0,"pmem(rss=6377472, vms=1687552, num_page_faults=3599, peak_wset=8347648, wset=6377472, peak_paged_pool=87888, paged_pool=87616, peak_nonpaged_pool=10392, nonpaged_pool=8760, pagefile=1687552, peak_pagefile=2129920, private=1687552)"
4836,vmnat.exe,,0.0,"pmem(rss=5464064, vms=2330624, num_page_faults=4182, peak_wset=7598080, wset=5464064, peak_paged_pool=74624, paged_pool=74352, peak_nonpaged_pool=15928, nonpaged_pool=11440, pagefile=2330624, peak_pagefile=2670592, private=2330624)"
4844,MsMpEng.exe,,0.0,"pmem(rss=365215744, vms=453779456, num_page_faults=3094557, peak_wset=1060876288, wset=365215744, peak_paged_pool=1386848, paged_pool=797496, peak_nonpaged_pool=462824, nonpaged_pool=214752, pagefile=453779456, peak_pagefile=1099333632, private=453779456)"
4852,WavesSysSvc64.exe,,0.0,"pmem(rss=8593408, vms=4186112, num_page_faults=7441, peak_wset=19140608, wset=8593408, peak_paged_pool=129392, paged_pool=128744, peak_nonpaged_pool=13776, nonpaged_pool=13232, pagefile=4186112, peak_pagefile=12120064, private=4186112)"
4860,svchost.exe,,0.0,"pmem(rss=4870144, vms=1642496, num_page_faults=2066, peak_wset=7372800, wset=4870144, peak_paged_pool=72792, paged_pool=71880, peak_nonpaged_pool=10152, nonpaged_pool=8944, pagefile=1642496, peak_pagefile=1974272, private=1642496)"
4872,MpDefenderCoreService.exe,,0.0,"pmem(rss=16932864, vms=9138176, num_page_faults=22083, peak_wset=21045248, wset=16932864, peak_paged_pool=153048, paged_pool=151000, peak_nonpaged_pool=20224, nonpaged_pool=17152, pagefile=9138176, peak_pagefile=10117120, private=9138176)"
4892,RtkBtManServ.exe,,0.0,"pmem(rss=6500352, vms=2080768, num_page_faults=11523, peak_wset=8421376, wset=6500352, peak_paged_pool=135200, paged_pool=134928, peak_nonpaged_pool=9296, nonpaged_pool=7864, pagefile=2080768, peak_pagefile=3178496, private=2080768)"
4924,OfficeClickToRun.exe,,0.0,"pmem(rss=51515392, vms=42582016, num_page_faults=52642, peak_wset=104525824, wset=51515392, peak_paged_pool=333192, paged_pool=304176, peak_nonpaged_pool=32856, nonpaged_pool=28088, pagefile=42582016, peak_pagefile=82980864, private=42582016)"
4960,svchost.exe,,0.0,"pmem(rss=7356416, vms=2121728, num_page_faults=2895, peak_wset=9224192, wset=7356416, peak_paged_pool=90776, paged_pool=90504, peak_nonpaged_pool=12528, nonpaged_pool=10424, pagefile=2121728, peak_pagefile=2449408, private=2121728)"
5104,vmware-authd.exe,,0.0,"pmem(rss=9908224, vms=4165632, num_page_faults=5189, peak_wset=12857344, wset=9908224, peak_paged_pool=174912, paged_pool=174416, peak_nonpaged_pool=16208, nonpaged_pool=15256, pagefile=4165632, peak_pagefile=5914624, private=4165632)"
5148,FoxitPhantomPDFUpdateService.exe,,0.0,"pmem(rss=6197248, vms=1626112, num_page_faults=3303, peak_wset=8323072, wset=6197248, peak_paged_pool=99640, paged_pool=99368, peak_nonpaged_pool=11744, nonpaged_pool=10592, pagefile=1626112, peak_pagefile=1921024, private=1626112)"
5188,YunDetectService.exe,DESKTOP-5JAJVCB\taylor,0.0,"pmem(rss=14786560, vms=5505024, num_page_faults=4219, peak_wset=15069184, wset=14786560, peak_paged_pool=203136, paged_pool=202336, peak_nonpaged_pool=22616, nonpaged_pool=19216, pagefile=5505024, peak_pagefile=5758976, private=5505024)"
5244,nvcontainer.exe,DESKTOP-5JAJVCB\taylor,0.0,"pmem(rss=29089792, vms=8822784, num_page_faults=48217, peak_wset=37560320, wset=29089792, peak_paged_pool=463848, paged_pool=280464, peak_nonpaged_pool=22808, nonpaged_pool=20488, pagefile=8822784, peak_pagefile=45514752, private=8822784)"
5284,svchost.exe,,0.0,"pmem(rss=4182016, vms=1396736, num_page_faults=2417, peak_wset=6139904, wset=4182016, peak_paged_pool=62360, paged_pool=60312, peak_nonpaged_pool=8328, nonpaged_pool=7608, pagefile=1396736, peak_pagefile=1679360, private=1396736)"
5312,svchost.exe,,0.0,"pmem(rss=11259904, vms=1830912, num_page_faults=9760, peak_wset=12578816, wset=11259904, peak_paged_pool=83768, paged_pool=83496, peak_nonpaged_pool=11024, nonpaged_pool=9256, pagefile=1830912, peak_pagefile=2646016, private=1830912)"
5368,svchost.exe,,0.0,"pmem(rss=11780096, vms=3629056, num_page_faults=4544, peak_wset=13877248, wset=11780096, peak_paged_pool=125760, paged_pool=125488, peak_nonpaged_pool=26416, nonpaged_pool=25048, pagefile=3629056, peak_pagefile=4153344, private=3629056)"
5456,svchost.exe,,0.0,"pmem(rss=12066816, vms=4005888, num_page_faults=7605, peak_wset=18075648, wset=12066816, peak_paged_pool=116224, paged_pool=107712, peak_nonpaged_pool=15504, nonpaged_pool=13952, pagefile=4005888, peak_pagefile=4792320, private=4005888)"
5464,conhost.exe,DESKTOP-5JAJVCB\taylor,0.0,"pmem(rss=6385664, vms=1314816, num_page_faults=1664, peak_wset=6418432, wset=6385664, peak_paged_pool=126880, paged_pool=126416, peak_nonpaged_pool=8464, nonpaged_pool=8144, pagefile=1314816, peak_pagefile=1388544, private=1314816)"
5484,msedgewebview2.exe,DESKTOP-5JAJVCB\taylor,0.0,"pmem(rss=9351168, vms=2367488, num_page_faults=2583, peak_wset=9355264, wset=9351168, peak_paged_pool=152600, paged_pool=152232, peak_nonpaged_pool=10872, nonpaged_pool=10600, pagefile=2367488, peak_pagefile=2371584, private=2367488)"
5492,PanGPS.exe,,0.0,"pmem(rss=28299264, vms=13168640, num_page_faults=27127, peak_wset=35422208, wset=28299264, peak_paged_pool=242136, paged_pool=221456, peak_nonpaged_pool=27504, nonpaged_pool=24000, pagefile=13168640, peak_pagefile=18722816, private=13168640)"
5672,Code.exe,DESKTOP-5JAJVCB\taylor,0.0,"pmem(rss=122998784, vms=97554432, num_page_faults=213003, peak_wset=145268736, wset=122998784, peak_paged_pool=553096, paged_pool=550192, peak_nonpaged_pool=21592, nonpaged_pool=20176, pagefile=97554432, peak_pagefile=120049664, private=97554432)"
5716,Grammarly.Desktop.exe,DESKTOP-5JAJVCB\taylor,0.0,"pmem(rss=297598976, vms=287272960, num_page_faults=753000, peak_wset=306339840, wset=297598976, peak_paged_pool=1517304, paged_pool=1176648, peak_nonpaged_pool=246320, nonpaged_pool=237596, pagefile=287272960, peak_pagefile=293109760, private=287272960)"
5764,svchost.exe,,0.0,"pmem(rss=5562368, vms=1449984, num_page_faults=2228, peak_wset=6529024, wset=5562368, peak_paged_pool=70184, paged_pool=70184, peak_nonpaged_pool=9672, nonpaged_pool=7880, pagefile=1449984, peak_pagefile=1757184, private=1449984)"
5968,svchost.exe,,0.0,"pmem(rss=6201344, vms=1335296, num_page_faults=1666, peak_wset=6438912, wset=6201344, peak_paged_pool=63064, paged_pool=61096, peak_nonpaged_pool=8096, nonpaged_pool=7728, pagefile=1335296, peak_pagefile=1507328, private=1335296)"
6148,chrome.exe,DESKTOP-5JAJVCB\taylor,0.0,"pmem(rss=163651584, vms=106364928, num_page_faults=276774, peak_wset=229163008, wset=163651584, peak_paged_pool=990576, paged_pool=952848, peak_nonpaged_pool=30096, nonpaged_pool=28568, pagefile=106364928, peak_pagefile=167485440, private=106364928)"
6176,NVIDIA Share.exe,DESKTOP-5JAJVCB\taylor,0.0,"pmem(rss=69484544, vms=56975360, num_page_faults=44904, peak_wset=88510464, wset=69484544, peak_paged_pool=494360, paged_pool=489792, peak_nonpaged_pool=39168, nonpaged_pool=33648, pagefile=56975360, peak_pagefile=69181440, private=56975360)"
6184,SearchIndexer.exe,,0.0,"pmem(rss=48099328, vms=32432128, num_page_faults=60310, peak_wset=54448128, wset=48099328, peak_paged_pool=289112, paged_pool=285336, peak_nonpaged_pool=147952, nonpaged_pool=74752, pagefile=32432128, peak_pagefile=37928960, private=32432128)"
6228,msedge.exe,DESKTOP-5JAJVCB\taylor,0.0,"pmem(rss=162304000, vms=129957888, num_page_faults=310143, peak_wset=401784832, wset=162304000, peak_paged_pool=803848, paged_pool=768536, peak_nonpaged_pool=28112, nonpaged_pool=21768, pagefile=129957888, peak_pagefile=370663424, private=129957888)"
6252,WmiPrvSE.exe,,0.0,"pmem(rss=9822208, vms=3391488, num_page_faults=4437, peak_wset=10334208, wset=9822208, peak_paged_pool=85112, paged_pool=77984, peak_nonpaged_pool=15696, nonpaged_pool=12120, pagefile=3391488, peak_pagefile=5795840, private=3391488)"
6268,svchost.exe,,0.0,"pmem(rss=17612800, vms=4984832, num_page_faults=6245, peak_wset=18251776, wset=17612800, peak_paged_pool=174936, paged_pool=172968, peak_nonpaged_pool=23824, nonpaged_pool=20480, pagefile=4984832, peak_pagefile=5378048, private=4984832)"
6492,svchost.exe,,0.0,"pmem(rss=14610432, vms=4530176, num_page_faults=10820, peak_wset=22560768, wset=14610432, peak_paged_pool=168368, paged_pool=139488, peak_nonpaged_pool=16160, nonpaged_pool=12352, pagefile=4530176, peak_pagefile=5636096, private=4530176)"
6752,msedge.exe,DESKTOP-5JAJVCB\taylor,0.0,"pmem(rss=248532992, vms=190722048, num_page_faults=550121, peak_wset=404508672, wset=248532992, peak_paged_pool=1479080, paged_pool=1207128, peak_nonpaged_pool=59240, nonpaged_pool=46224, pagefile=190722048, peak_pagefile=288800768, private=190722048)"
6796,msedgewebview2.exe,DESKTOP-5JAJVCB\taylor,0.0,"pmem(rss=18305024, vms=7237632, num_page_faults=5288, peak_wset=18866176, wset=18305024, peak_paged_pool=732952, paged_pool=732728, peak_nonpaged_pool=12424, nonpaged_pool=11688, pagefile=7237632, peak_pagefile=7356416, private=7237632)"
6836,msedge.exe,DESKTOP-5JAJVCB\taylor,0.0,"pmem(rss=116195328, vms=62275584, num_page_faults=60624, peak_wset=134668288, wset=116195328, peak_paged_pool=1186464, paged_pool=1167416, peak_nonpaged_pool=27576, nonpaged_pool=25984, pagefile=62275584, peak_pagefile=89759744, private=62275584)"
6868,Code.exe,DESKTOP-5JAJVCB\taylor,0.0,"pmem(rss=104583168, vms=68030464, num_page_faults=34201, peak_wset=107327488, wset=104583168, peak_paged_pool=1620432, paged_pool=563440, peak_nonpaged_pool=20328, nonpaged_pool=19864, pagefile=68030464, peak_pagefile=75427840, private=68030464)"
7100,dllhost.exe,,0.0,"pmem(rss=10985472, vms=4259840, num_page_faults=5788, peak_wset=12210176, wset=10985472, peak_paged_pool=114496, paged_pool=113344, peak_nonpaged_pool=28840, nonpaged_pool=17944, pagefile=4259840, peak_pagefile=4427776, private=4259840)"
7420,svchost.exe,,0.0,"pmem(rss=9334784, vms=3141632, num_page_faults=5212, peak_wset=11137024, wset=9334784, peak_paged_pool=98424, paged_pool=97984, peak_nonpaged_pool=22826, nonpaged_pool=15776, pagefile=3141632, peak_pagefile=4087808, private=3141632)"
7436,RuntimeBroker.exe,DESKTOP-5JAJVCB\taylor,0.0,"pmem(rss=20758528, vms=3538944, num_page_faults=7723, peak_wset=28426240, wset=20758528, peak_paged_pool=284624, paged_pool=208096, peak_nonpaged_pool=22464, nonpaged_pool=13368, pagefile=3538944, peak_pagefile=5607424, private=3538944)"
7596,AggregatorHost.exe,,0.0,"pmem(rss=6709248, vms=2060288, num_page_faults=4910, peak_wset=7823360, wset=6709248, peak_paged_pool=70528, paged_pool=62920, peak_nonpaged_pool=8080, nonpaged_pool=7264, pagefile=2060288, peak_pagefile=2883584, private=2060288)"
7716,csrss.exe,,0.0,"pmem(rss=7782400, vms=3211264, num_page_faults=12572, peak_wset=14114816, wset=7782400, peak_paged_pool=359008, paged_pool=352992, peak_nonpaged_pool=35936, nonpaged_pool=34032, pagefile=3211264, peak_pagefile=3420160, private=3211264)"
7864,SogouImeBroker.exe,DESKTOP-5JAJVCB\taylor,0.0,"pmem(rss=36171776, vms=31543296, num_page_faults=21224, peak_wset=41164800, wset=36171776, peak_paged_pool=291680, paged_pool=288160, peak_nonpaged_pool=29224, nonpaged_pool=26504, pagefile=31543296, peak_pagefile=34701312, private=31543296)"
7872,msedge.exe,DESKTOP-5JAJVCB\taylor,0.0,"pmem(rss=20705280, vms=9207808, num_page_faults=41700, peak_wset=33271808, wset=20705280, peak_paged_pool=740544, paged_pool=740544, peak_nonpaged_pool=14552, nonpaged_pool=13320, pagefile=9207808, peak_pagefile=26005504, private=9207808)"
7884,PresentationFontCache.exe,,0.0,"pmem(rss=16281600, vms=25481216, num_page_faults=6990, peak_wset=20918272, wset=16281600, peak_paged_pool=241016, paged_pool=240744, peak_nonpaged_pool=29168, nonpaged_pool=28352, pagefile=25481216, peak_pagefile=27734016, private=25481216)"
7916,msedgewebview2.exe,DESKTOP-5JAJVCB\taylor,0.0,"pmem(rss=34725888, vms=12251136, num_page_faults=15026, peak_wset=36028416, wset=34725888, peak_paged_pool=912952, paged_pool=802488, peak_nonpaged_pool=73120, nonpaged_pool=19584, pagefile=12251136, peak_pagefile=14675968, private=12251136)"
8000,dllhost.exe,DESKTOP-5JAJVCB\taylor,0.0,"pmem(rss=13230080, vms=3878912, num_page_faults=5448, peak_wset=14852096, wset=13230080, peak_paged_pool=159328, paged_pool=152544, peak_nonpaged_pool=26840, nonpaged_pool=16176, pagefile=3878912, peak_pagefile=6803456, private=3878912)"
8092,chrome.exe,DESKTOP-5JAJVCB\taylor,0.0,"pmem(rss=47431680, vms=24403968, num_page_faults=123246, peak_wset=55615488, wset=47431680, peak_paged_pool=899264, paged_pool=673456, peak_nonpaged_pool=305344, nonpaged_pool=37680, pagefile=24403968, peak_pagefile=33013760, private=24403968)"
8216,svchost.exe,,0.0,"pmem(rss=7462912, vms=1843200, num_page_faults=3090, peak_wset=8253440, wset=7462912, peak_paged_pool=83184, paged_pool=75200, peak_nonpaged_pool=11024, nonpaged_pool=9368, pagefile=1843200, peak_pagefile=2158592, private=1843200)"
8232,chrome.exe,DESKTOP-5JAJVCB\taylor,0.0,"pmem(rss=182484992, vms=157655040, num_page_faults=256015, peak_wset=379904000, wset=182484992, peak_paged_pool=672912, paged_pool=652432, peak_nonpaged_pool=27680, nonpaged_pool=27112, pagefile=157655040, peak_pagefile=356487168, private=157655040)"
8572,fontdrvhost.exe,,0.0,"pmem(rss=16240640, vms=4415488, num_page_faults=4934, peak_wset=16961536, wset=16240640, peak_paged_pool=254392, paged_pool=254392, peak_nonpaged_pool=9800, nonpaged_pool=9376, pagefile=4415488, peak_pagefile=4415488, private=4415488)"
8680,python.exe,DESKTOP-5JAJVCB\taylor,0.0,"pmem(rss=15048704, vms=8392704, num_page_faults=21125, peak_wset=15052800, wset=15048704, peak_paged_pool=140536, paged_pool=140360, peak_nonpaged_pool=13168, nonpaged_pool=13168, pagefile=8392704, peak_pagefile=8392704, private=8392704)"
8716,RtkNGUI64.exe,DESKTOP-5JAJVCB\taylor,0.0,"pmem(rss=14942208, vms=5431296, num_page_faults=4990, peak_wset=16003072, wset=14942208, peak_paged_pool=266432, paged_pool=241160, peak_nonpaged_pool=16928, nonpaged_pool=15328, pagefile=5431296, peak_pagefile=5615616, private=5431296)"
9072,StartMenuExperienceHost.exe,,0.0,"pmem(rss=172032, vms=20836352, num_page_faults=6719, peak_wset=26312704, wset=172032, peak_paged_pool=664776, paged_pool=4224, peak_nonpaged_pool=245176, nonpaged_pool=219880, pagefile=20836352, peak_pagefile=69046272, private=20836352)"
9140,taskhostw.exe,DESKTOP-5JAJVCB\taylor,0.0,"pmem(rss=10162176, vms=3448832, num_page_faults=4633, peak_wset=13279232, wset=10162176, peak_paged_pool=190312, paged_pool=188088, peak_nonpaged_pool=15616, nonpaged_pool=14136, pagefile=3448832, peak_pagefile=3911680, private=3448832)"
9184,svchost.exe,,0.0,"pmem(rss=19304448, vms=4640768, num_page_faults=9334, peak_wset=20520960, wset=19304448, peak_paged_pool=174136, paged_pool=166376, peak_nonpaged_pool=24848, nonpaged_pool=20296, pagefile=4640768, peak_pagefile=5369856, private=4640768)"
9264,Code.exe,DESKTOP-5JAJVCB\taylor,0.0,"pmem(rss=205717504, vms=162775040, num_page_faults=243542, peak_wset=212480000, wset=205717504, peak_paged_pool=1633120, paged_pool=1368776, peak_nonpaged_pool=95536, nonpaged_pool=85488, pagefile=162775040, peak_pagefile=169586688, private=162775040)"
9392,StartMenuExperienceHost.exe,,0.0,"pmem(rss=36864, vms=81920, num_page_faults=6723, peak_wset=26341376, wset=36864, peak_paged_pool=720176, paged_pool=0, peak_nonpaged_pool=256528, nonpaged_pool=0, pagefile=81920, peak_pagefile=70524928, private=81920)"
9480,git-bash.exe,DESKTOP-5JAJVCB\taylor,0.0,"pmem(rss=5947392, vms=1437696, num_page_faults=1567, peak_wset=5988352, wset=5947392, peak_paged_pool=122096, paged_pool=112864, peak_nonpaged_pool=7472, nonpaged_pool=6656, pagefile=1437696, peak_pagefile=1536000, private=1437696)"
9636,msedge.exe,DESKTOP-5JAJVCB\taylor,0.0,"pmem(rss=88805376, vms=60014592, num_page_faults=110289, peak_wset=101363712, wset=88805376, peak_paged_pool=953800, paged_pool=770696, peak_nonpaged_pool=27040, nonpaged_pool=22248, pagefile=60014592, peak_pagefile=74428416, private=60014592)"
9688,igfxEM.exe,DESKTOP-5JAJVCB\taylor,0.0,"pmem(rss=14282752, vms=3993600, num_page_faults=6076, peak_wset=15405056, wset=14282752, peak_paged_pool=220232, paged_pool=215816, peak_nonpaged_pool=16032, nonpaged_pool=14808, pagefile=3993600, peak_pagefile=4272128, private=3993600)"
9704,conhost.exe,DESKTOP-5JAJVCB\taylor,0.0,"pmem(rss=6561792, vms=1380352, num_page_faults=1706, peak_wset=6594560, wset=6561792, peak_paged_pool=137536, paged_pool=136160, peak_nonpaged_pool=8784, nonpaged_pool=8144, pagefile=1380352, peak_pagefile=1449984, private=1380352)"
9752,nvcontainer.exe,DESKTOP-5JAJVCB\taylor,0.0,"pmem(rss=49967104, vms=45907968, num_page_faults=264510, peak_wset=137682944, wset=49967104, peak_paged_pool=315880, paged_pool=277344, peak_nonpaged_pool=37360, nonpaged_pool=32304, pagefile=45907968, peak_pagefile=132317184, private=45907968)"
9768,svchost.exe,DESKTOP-5JAJVCB\taylor,0.0,"pmem(rss=24768512, vms=8806400, num_page_faults=10518, peak_wset=25743360, wset=24768512, peak_paged_pool=197824, paged_pool=196768, peak_nonpaged_pool=20528, nonpaged_pool=17160, pagefile=8806400, peak_pagefile=9134080, private=8806400)"
9820,msedge.exe,DESKTOP-5JAJVCB\taylor,0.0,"pmem(rss=31920128, vms=19935232, num_page_faults=8728, peak_wset=31985664, wset=31920128, peak_paged_pool=790760, paged_pool=790536, peak_nonpaged_pool=17896, nonpaged_pool=17760, pagefile=19935232, peak_pagefile=19984384, private=19935232)"
10080,svchost.exe,DESKTOP-5JAJVCB\taylor,0.0,"pmem(rss=35590144, vms=8646656, num_page_faults=15695, peak_wset=37588992, wset=35590144, peak_paged_pool=351928, paged_pool=342272, peak_nonpaged_pool=27160, nonpaged_pool=22472, pagefile=8646656, peak_pagefile=9756672, private=8646656)"
10204,PanGPA.exe,DESKTOP-5JAJVCB\taylor,0.0,"pmem(rss=21377024, vms=7041024, num_page_faults=7123, peak_wset=23642112, wset=21377024, peak_paged_pool=325672, paged_pool=323336, peak_nonpaged_pool=27584, nonpaged_pool=25056, pagefile=7041024, peak_pagefile=12857344, private=7041024)"
10248,OneDrive.exe,DESKTOP-5JAJVCB\taylor,0.0,"pmem(rss=121466880, vms=96849920, num_page_faults=85366, peak_wset=151207936, wset=121466880, peak_paged_pool=1053416, paged_pool=1023824, peak_nonpaged_pool=476840, nonpaged_pool=62416, pagefile=96849920, peak_pagefile=116948992, private=96849920)"
10256,conhost.exe,DESKTOP-5JAJVCB\taylor,0.0,"pmem(rss=13590528, vms=7004160, num_page_faults=3449, peak_wset=13619200, wset=13590528, peak_paged_pool=215624, paged_pool=194592, peak_nonpaged_pool=10184, nonpaged_pool=9776, pagefile=7004160, peak_pagefile=7073792, private=7004160)"
10328,RAVBg64.exe,,0.0,"pmem(rss=15683584, vms=4894720, num_page_faults=5259, peak_wset=16203776, wset=15683584, peak_paged_pool=193680, paged_pool=192080, peak_nonpaged_pool=16840, nonpaged_pool=14744, pagefile=4894720, peak_pagefile=5095424, private=4894720)"
10408,svchost.exe,,0.0,"pmem(rss=8273920, vms=1777664, num_page_faults=2158, peak_wset=8335360, wset=8273920, peak_paged_pool=81576, paged_pool=80736, peak_nonpaged_pool=9240, nonpaged_pool=8696, pagefile=1777664, peak_pagefile=1990656, private=1777664)"
10416,chrome.exe,DESKTOP-5JAJVCB\taylor,0.0,"pmem(rss=23515136, vms=15626240, num_page_faults=14326, peak_wset=25968640, wset=23515136, peak_paged_pool=610696, paged_pool=610440, peak_nonpaged_pool=18704, nonpaged_pool=15360, pagefile=15626240, peak_pagefile=18472960, private=15626240)"
10648,msedgewebview2.exe,DESKTOP-5JAJVCB\taylor,0.0,"pmem(rss=170541056, vms=127049728, num_page_faults=109144, peak_wset=237543424, wset=170541056, peak_paged_pool=1311064, paged_pool=925216, peak_nonpaged_pool=39616, nonpaged_pool=27344, pagefile=127049728, peak_pagefile=182099968, private=127049728)"
10720,bash.exe,DESKTOP-5JAJVCB\taylor,0.0,"pmem(rss=10862592, vms=7766016, num_page_faults=2942, peak_wset=10989568, wset=10862592, peak_paged_pool=148464, paged_pool=146416, peak_nonpaged_pool=12808, nonpaged_pool=9192, pagefile=7766016, peak_pagefile=7942144, private=7766016)"
10740,NVIDIA Share.exe,DESKTOP-5JAJVCB\taylor,0.0,"pmem(rss=54636544, vms=20340736, num_page_faults=25511, peak_wset=60133376, wset=54636544, peak_paged_pool=766816, paged_pool=721864, peak_nonpaged_pool=47648, nonpaged_pool=38240, pagefile=20340736, peak_pagefile=21676032, private=20340736)"
10936,sihost.exe,DESKTOP-5JAJVCB\taylor,0.0,"pmem(rss=28868608, vms=7028736, num_page_faults=9106, peak_wset=30388224, wset=28868608, peak_paged_pool=274280, paged_pool=256824, peak_nonpaged_pool=21800, nonpaged_pool=18264, pagefile=7028736, peak_pagefile=7507968, private=7028736)"
11008,msedge.exe,DESKTOP-5JAJVCB\taylor,0.0,"pmem(rss=366452736, vms=227885056, num_page_faults=1185714, peak_wset=403836928, wset=366452736, peak_paged_pool=2309928, paged_pool=1855184, peak_nonpaged_pool=146736, nonpaged_pool=128032, pagefile=227885056, peak_pagefile=251416576, private=227885056)"
11152,dwm.exe,,0.0,"pmem(rss=67719168, vms=99196928, num_page_faults=154207, peak_wset=89001984, wset=67719168, peak_paged_pool=1006424, paged_pool=979248, peak_nonpaged_pool=63352, nonpaged_pool=58896, pagefile=99196928, peak_pagefile=162185216, private=99196928)"
11320,Code.exe,DESKTOP-5JAJVCB\taylor,0.0,"pmem(rss=308072448, vms=283148288, num_page_faults=728806, peak_wset=423247872, wset=308072448, peak_paged_pool=541072, paged_pool=530096, peak_nonpaged_pool=25440, nonpaged_pool=21872, pagefile=283148288, peak_pagefile=400179200, private=283148288)"
11380,StartMenuExperienceHost.exe,,0.0,"pmem(rss=172032, vms=21159936, num_page_faults=6725, peak_wset=26312704, wset=172032, peak_paged_pool=664008, paged_pool=4224, peak_nonpaged_pool=259520, nonpaged_pool=235040, pagefile=21159936, peak_pagefile=71049216, private=21159936)"
11468,svchost.exe,,0.0,"pmem(rss=13717504, vms=13242368, num_page_faults=14378, peak_wset=23400448, wset=13717504, peak_paged_pool=146672, paged_pool=144112, peak_nonpaged_pool=16720, nonpaged_pool=14488, pagefile=13242368, peak_pagefile=16822272, private=13242368)"
11544,chrome.exe,DESKTOP-5JAJVCB\taylor,0.0,"pmem(rss=178855936, vms=145731584, num_page_faults=195249, peak_wset=288313344, wset=178855936, peak_paged_pool=1283240, paged_pool=1198016, peak_nonpaged_pool=36664, nonpaged_pool=32784, pagefile=145731584, peak_pagefile=222318592, private=145731584)"
11552,msedge.exe,DESKTOP-5JAJVCB\taylor,0.0,"pmem(rss=19111936, vms=7536640, num_page_faults=5466, peak_wset=19214336, wset=19111936, peak_paged_pool=781752, paged_pool=781128, peak_nonpaged_pool=14608, nonpaged_pool=13456, pagefile=7536640, peak_pagefile=7639040, private=7536640)"
11600,winlogon.exe,,0.0,"pmem(rss=12558336, vms=4460544, num_page_faults=16940, peak_wset=21721088, wset=12558336, peak_paged_pool=209376, paged_pool=150960, peak_nonpaged_pool=15760, nonpaged_pool=14368, pagefile=4460544, peak_pagefile=8867840, private=4460544)"
11672,msedge.exe,DESKTOP-5JAJVCB\taylor,0.0,"pmem(rss=64741376, vms=30822400, num_page_faults=229173, peak_wset=88612864, wset=64741376, peak_paged_pool=830024, paged_pool=805528, peak_nonpaged_pool=28704, nonpaged_pool=22448, pagefile=30822400, peak_pagefile=59076608, private=30822400)"
11688,SecurityHealthService.exe,,0.0,"pmem(rss=17137664, vms=5771264, num_page_faults=11784, peak_wset=18477056, wset=17137664, peak_paged_pool=202424, paged_pool=185232, peak_nonpaged_pool=21224, nonpaged_pool=18504, pagefile=5771264, peak_pagefile=6565888, private=5771264)"
11696,conhost.exe,DESKTOP-5JAJVCB\taylor,0.0,"pmem(rss=11116544, vms=6496256, num_page_faults=2807, peak_wset=11157504, wset=11116544, peak_paged_pool=131008, paged_pool=122320, peak_nonpaged_pool=7600, nonpaged_pool=7328, pagefile=6496256, peak_pagefile=6565888, private=6496256)"
11712,msedge.exe,DESKTOP-5JAJVCB\taylor,0.0,"pmem(rss=52637696, vms=27054080, num_page_faults=121996, peak_wset=66482176, wset=52637696, peak_paged_pool=1030152, paged_pool=809896, peak_nonpaged_pool=943544, nonpaged_pool=21944, pagefile=27054080, peak_pagefile=38629376, private=27054080)"
11740,HxOutlook.exe,DESKTOP-5JAJVCB\taylor,0.0,"pmem(rss=2117632, vms=59924480, num_page_faults=44405, peak_wset=118116352, wset=2117632, peak_paged_pool=1102552, paged_pool=1088768, peak_nonpaged_pool=51768, nonpaged_pool=48960, pagefile=59924480, peak_pagefile=85950464, private=59924480)"
11920,atieclxx.exe,,0.0,"pmem(rss=16535552, vms=5033984, num_page_faults=6602, peak_wset=17461248, wset=16535552, peak_paged_pool=265208, paged_pool=243160, peak_nonpaged_pool=19472, nonpaged_pool=17624, pagefile=5033984, peak_pagefile=6234112, private=5033984)"
12100,powershell.exe,DESKTOP-5JAJVCB\taylor,0.0,"pmem(rss=77463552, vms=65527808, num_page_faults=42472, peak_wset=81539072, wset=77463552, peak_paged_pool=486360, paged_pool=477664, peak_nonpaged_pool=43336, nonpaged_pool=28792, pagefile=65527808, peak_pagefile=70930432, private=65527808)"
12136,svchost.exe,,0.0,"pmem(rss=6991872, vms=2392064, num_page_faults=4611, peak_wset=8228864, wset=6991872, peak_paged_pool=95192, paged_pool=93016, peak_nonpaged_pool=28700, nonpaged_pool=21128, pagefile=2392064, peak_pagefile=2818048, private=2392064)"
12260,Code.exe,DESKTOP-5JAJVCB\taylor,0.0,"pmem(rss=274309120, vms=247668736, num_page_faults=1537988, peak_wset=386252800, wset=274309120, peak_paged_pool=735552, paged_pool=703040, peak_nonpaged_pool=42016, nonpaged_pool=35880, pagefile=247668736, peak_pagefile=344899584, private=247668736)"
12328,chrome.exe,DESKTOP-5JAJVCB\taylor,0.0,"pmem(rss=65548288, vms=34258944, num_page_faults=21701, peak_wset=66924544, wset=65548288, peak_paged_pool=749936, paged_pool=745840, peak_nonpaged_pool=25512, nonpaged_pool=25304, pagefile=34258944, peak_pagefile=35852288, private=34258944)"
12424,svchost.exe,DESKTOP-5JAJVCB\taylor,0.0,"pmem(rss=23859200, vms=4235264, num_page_faults=8137, peak_wset=24420352, wset=23859200, peak_paged_pool=242424, paged_pool=238256, peak_nonpaged_pool=17400, nonpaged_pool=16584, pagefile=4235264, peak_pagefile=4505600, private=4235264)"
12448,chrome.exe,DESKTOP-5JAJVCB\taylor,0.0,"pmem(rss=67690496, vms=35315712, num_page_faults=20716, peak_wset=67977216, wset=67690496, peak_paged_pool=659480, paged_pool=636600, peak_nonpaged_pool=29784, nonpaged_pool=24832, pagefile=35315712, peak_pagefile=35635200, private=35315712)"
12468,explorer.exe,DESKTOP-5JAJVCB\taylor,0.0,"pmem(rss=251867136, vms=258293760, num_page_faults=221376, peak_wset=293634048, wset=251867136, peak_paged_pool=2118920, paged_pool=1894152, peak_nonpaged_pool=197776, nonpaged_pool=191112, pagefile=258293760, peak_pagefile=282394624, private=258293760)"
12968,NVDisplay.Container.exe,,0.0,"pmem(rss=40136704, vms=33738752, num_page_faults=95848, peak_wset=178376704, wset=40136704, peak_paged_pool=392864, paged_pool=367728, peak_nonpaged_pool=34016, nonpaged_pool=29552, pagefile=33738752, peak_pagefile=162533376, private=33738752)"
13004,UserOOBEBroker.exe,DESKTOP-5JAJVCB\taylor,0.0,"pmem(rss=10489856, vms=2375680, num_page_faults=3002, peak_wset=10567680, wset=10489856, peak_paged_pool=128424, paged_pool=126408, peak_nonpaged_pool=11688, nonpaged_pool=10464, pagefile=2375680, peak_pagefile=2490368, private=2375680)"
13040,ctfmon.exe,DESKTOP-5JAJVCB\taylor,0.0,"pmem(rss=28770304, vms=11554816, num_page_faults=13649, peak_wset=31854592, wset=28770304, peak_paged_pool=423368, paged_pool=419160, peak_nonpaged_pool=32656, nonpaged_pool=29176, pagefile=11554816, peak_pagefile=11558912, private=11554816)"
13056,taskhostw.exe,DESKTOP-5JAJVCB\taylor,0.0,"pmem(rss=19820544, vms=8761344, num_page_faults=8684, peak_wset=20140032, wset=19820544, peak_paged_pool=215160, paged_pool=210200, peak_nonpaged_pool=40536, nonpaged_pool=38616, pagefile=8761344, peak_pagefile=9101312, private=8761344)"
13060,msedge.exe,DESKTOP-5JAJVCB\taylor,0.0,"pmem(rss=25837568, vms=8396800, num_page_faults=7393, peak_wset=25972736, wset=25837568, peak_paged_pool=830528, paged_pool=826976, peak_nonpaged_pool=14952, nonpaged_pool=14408, pagefile=8396800, peak_pagefile=8658944, private=8396800)"
13148,svchost.exe,,0.0,"pmem(rss=9113600, vms=2117632, num_page_faults=4089, peak_wset=10051584, wset=9113600, peak_paged_pool=107640, paged_pool=98608, peak_nonpaged_pool=12408, nonpaged_pool=10592, pagefile=2117632, peak_pagefile=2252800, private=2117632)"
13168,SearchApp.exe,DESKTOP-5JAJVCB\taylor,0.0,"pmem(rss=141668352, vms=232239104, num_page_faults=147249, peak_wset=311836672, wset=141668352, peak_paged_pool=1525288, paged_pool=1437912, peak_nonpaged_pool=157488, nonpaged_pool=138040, pagefile=232239104, peak_pagefile=252489728, private=232239104)"
13288,msedge.exe,DESKTOP-5JAJVCB\taylor,0.0,"pmem(rss=102416384, vms=65175552, num_page_faults=77387, peak_wset=130084864, wset=102416384, peak_paged_pool=820960, paged_pool=791688, peak_nonpaged_pool=24048, nonpaged_pool=22856, pagefile=65175552, peak_pagefile=98856960, private=65175552)"
13332,svchost.exe,,0.0,"pmem(rss=9244672, vms=1970176, num_page_faults=3013, peak_wset=9641984, wset=9244672, peak_paged_pool=88248, paged_pool=86264, peak_nonpaged_pool=12288, nonpaged_pool=10304, pagefile=1970176, peak_pagefile=2441216, private=1970176)"
13416,msedgewebview2.exe,DESKTOP-5JAJVCB\taylor,0.0,"pmem(rss=7663616, vms=2072576, num_page_faults=2332, peak_wset=8040448, wset=7663616, peak_paged_pool=137472, paged_pool=136672, peak_nonpaged_pool=9816, nonpaged_pool=9376, pagefile=2072576, peak_pagefile=2265088, private=2072576)"
13472,chrome.exe,DESKTOP-5JAJVCB\taylor,0.0,"pmem(rss=30003200, vms=18333696, num_page_faults=8406, peak_wset=30982144, wset=30003200, peak_paged_pool=649752, paged_pool=646024, peak_nonpaged_pool=20928, nonpaged_pool=20752, pagefile=18333696, peak_pagefile=19603456, private=18333696)"
13480,WavesSvc64.exe,DESKTOP-5JAJVCB\taylor,0.0,"pmem(rss=22851584, vms=19079168, num_page_faults=21186, peak_wset=34369536, wset=22851584, peak_paged_pool=379072, paged_pool=249752, peak_nonpaged_pool=20632, nonpaged_pool=18648, pagefile=19079168, peak_pagefile=21884928, private=19079168)"
13872,svchost.exe,,0.0,"pmem(rss=6656000, vms=1720320, num_page_faults=2226, peak_wset=7798784, wset=6656000, peak_paged_pool=73848, paged_pool=73672, peak_nonpaged_pool=10376, nonpaged_pool=9560, pagefile=1720320, peak_pagefile=1945600, private=1720320)"
13876,msedgewebview2.exe,DESKTOP-5JAJVCB\taylor,0.0,"pmem(rss=130134016, vms=62140416, num_page_faults=58857, peak_wset=139202560, wset=130134016, peak_paged_pool=1380800, paged_pool=1347048, peak_nonpaged_pool=64744, nonpaged_pool=59096, pagefile=62140416, peak_pagefile=62894080, private=62140416)"
14032,msedge.exe,DESKTOP-5JAJVCB\taylor,0.0,"pmem(rss=118243328, vms=66580480, num_page_faults=83981, peak_wset=145440768, wset=118243328, peak_paged_pool=1151208, paged_pool=883984, peak_nonpaged_pool=33376, nonpaged_pool=23336, pagefile=66580480, peak_pagefile=98164736, private=66580480)"
14104,svchost.exe,,0.0,"pmem(rss=10899456, vms=3198976, num_page_faults=4476, peak_wset=11591680, wset=10899456, peak_paged_pool=119312, paged_pool=111840, peak_nonpaged_pool=14240, nonpaged_pool=13096, pagefile=3198976, peak_pagefile=3723264, private=3198976)"
14160,SearchApp.exe,DESKTOP-5JAJVCB\taylor,0.0,"pmem(rss=110997504, vms=75542528, num_page_faults=45277, peak_wset=116133888, wset=110997504, peak_paged_pool=1104688, paged_pool=1051232, peak_nonpaged_pool=95432, nonpaged_pool=55552, pagefile=75542528, peak_pagefile=81403904, private=75542528)"
14264,chrome.exe,DESKTOP-5JAJVCB\taylor,0.0,"pmem(rss=171532288, vms=194740224, num_page_faults=602318, peak_wset=224661504, wset=171532288, peak_paged_pool=1156152, paged_pool=1057424, peak_nonpaged_pool=44688, nonpaged_pool=38920, pagefile=194740224, peak_pagefile=418246656, private=194740224)"
14320,HxAccounts.exe,DESKTOP-5JAJVCB\taylor,0.0,"pmem(rss=69345280, vms=50544640, num_page_faults=22222, peak_wset=71622656, wset=69345280, peak_paged_pool=969336, paged_pool=863904, peak_nonpaged_pool=36192, nonpaged_pool=33472, pagefile=50544640, peak_pagefile=51363840, private=50544640)"
14328,HxTsr.exe,DESKTOP-5JAJVCB\taylor,0.0,"pmem(rss=31444992, vms=9482240, num_page_faults=13156, peak_wset=43995136, wset=31444992, peak_paged_pool=379512, paged_pool=360808, peak_nonpaged_pool=34280, nonpaged_pool=28472, pagefile=9482240, peak_pagefile=10199040, private=9482240)"
14384,svchost.exe,,0.0,"pmem(rss=7852032, vms=1835008, num_page_faults=2024, peak_wset=7921664, wset=7852032, peak_paged_pool=73240, paged_pool=73016, peak_nonpaged_pool=9712, nonpaged_pool=9168, pagefile=1835008, peak_pagefile=2052096, private=1835008)"
14404,ApplicationFrameHost.exe,DESKTOP-5JAJVCB\taylor,0.0,"pmem(rss=32047104, vms=16191488, num_page_faults=12221, peak_wset=35500032, wset=32047104, peak_paged_pool=418592, paged_pool=381048, peak_nonpaged_pool=26848, nonpaged_pool=23856, pagefile=16191488, peak_pagefile=18161664, private=16191488)"
14524,LockApp.exe,DESKTOP-5JAJVCB\taylor,0.0,"pmem(rss=58368000, vms=51884032, num_page_faults=23379, peak_wset=76394496, wset=58368000, peak_paged_pool=877952, paged_pool=788952, peak_nonpaged_pool=38472, nonpaged_pool=34944, pagefile=51884032, peak_pagefile=53694464, private=51884032)"
14568,msedge.exe,DESKTOP-5JAJVCB\taylor,0.0,"pmem(rss=57782272, vms=25305088, num_page_faults=19058, peak_wset=60538880, wset=57782272, peak_paged_pool=812768, paged_pool=774672, peak_nonpaged_pool=21560, nonpaged_pool=20544, pagefile=25305088, peak_pagefile=28024832, private=25305088)"
14576,msedgewebview2.exe,DESKTOP-5JAJVCB\taylor,0.0,"pmem(rss=81006592, vms=111812608, num_page_faults=71398, peak_wset=97230848, wset=81006592, peak_paged_pool=1074904, paged_pool=1049672, peak_nonpaged_pool=29720, nonpaged_pool=26184, pagefile=111812608, peak_pagefile=123367424, private=111812608)"
14600,msedge.exe,DESKTOP-5JAJVCB\taylor,0.0,"pmem(rss=131133440, vms=108277760, num_page_faults=97765, peak_wset=183898112, wset=131133440, peak_paged_pool=1121320, paged_pool=899488, peak_nonpaged_pool=36240, nonpaged_pool=24080, pagefile=108277760, peak_pagefile=141004800, private=108277760)"
14604,RuntimeBroker.exe,DESKTOP-5JAJVCB\taylor,0.0,"pmem(rss=36270080, vms=9478144, num_page_faults=13523, peak_wset=45473792, wset=36270080, peak_paged_pool=388664, paged_pool=305168, peak_nonpaged_pool=30144, nonpaged_pool=23960, pagefile=9478144, peak_pagefile=14266368, private=9478144)"
14884,svchost.exe,,0.0,"pmem(rss=17801216, vms=6262784, num_page_faults=38365, peak_wset=29556736, wset=17801216, peak_paged_pool=154552, paged_pool=140144, peak_nonpaged_pool=170304, nonpaged_pool=19648, pagefile=6262784, peak_pagefile=18755584, private=6262784)"
15064,msedgewebview2.exe,DESKTOP-5JAJVCB\taylor,0.0,"pmem(rss=69787648, vms=33554432, num_page_faults=74936, peak_wset=88166400, wset=69787648, peak_paged_pool=984968, paged_pool=942496, peak_nonpaged_pool=23672, nonpaged_pool=22040, pagefile=33554432, peak_pagefile=46940160, private=33554432)"
15236,Code.exe,DESKTOP-5JAJVCB\taylor,0.0,"pmem(rss=40509440, vms=17014784, num_page_faults=15466, peak_wset=42831872, wset=40509440, peak_paged_pool=560600, paged_pool=547128, peak_nonpaged_pool=154120, nonpaged_pool=17384, pagefile=17014784, peak_pagefile=17829888, private=17014784)"
15464,Code.exe,DESKTOP-5JAJVCB\taylor,0.0,"pmem(rss=117702656, vms=103858176, num_page_faults=102075, peak_wset=120188928, wset=117702656, peak_paged_pool=573736, paged_pool=573456, peak_nonpaged_pool=30632, nonpaged_pool=29848, pagefile=103858176, peak_pagefile=105865216, private=103858176)"
15508,Code.exe,DESKTOP-5JAJVCB\taylor,0.0,"pmem(rss=27701248, vms=14643200, num_page_faults=7206, peak_wset=27852800, wset=27701248, peak_paged_pool=522800, paged_pool=522400, peak_nonpaged_pool=11920, nonpaged_pool=11464, pagefile=14643200, peak_pagefile=14848000, private=14643200)"
15524,TextInputHost.exe,DESKTOP-5JAJVCB\taylor,0.0,"pmem(rss=53035008, vms=47923200, num_page_faults=19711, peak_wset=58912768, wset=53035008, peak_paged_pool=750168, paged_pool=738136, peak_nonpaged_pool=32592, nonpaged_pool=30008, pagefile=47923200, peak_pagefile=48398336, private=47923200)"
15844,RuntimeBroker.exe,DESKTOP-5JAJVCB\taylor,0.0,"pmem(rss=35962880, vms=9125888, num_page_faults=18714, peak_wset=40615936, wset=35962880, peak_paged_pool=349088, paged_pool=306304, peak_nonpaged_pool=31952, nonpaged_pool=25800, pagefile=9125888, peak_pagefile=10444800, private=9125888)"
15884,chrome.exe,DESKTOP-5JAJVCB\taylor,0.0,"pmem(rss=80261120, vms=69906432, num_page_faults=32965, peak_wset=108179456, wset=80261120, peak_paged_pool=683512, paged_pool=683288, peak_nonpaged_pool=17808, nonpaged_pool=17400, pagefile=69906432, peak_pagefile=98893824, private=69906432)"
15904,RuntimeBroker.exe,DESKTOP-5JAJVCB\taylor,0.0,"pmem(rss=30113792, vms=7122944, num_page_faults=14653, peak_wset=36913152, wset=30113792, peak_paged_pool=331536, paged_pool=241952, peak_nonpaged_pool=24608, nonpaged_pool=17672, pagefile=7122944, peak_pagefile=9560064, private=7122944)"
16000,svchost.exe,,0.0,"pmem(rss=11677696, vms=3072000, num_page_faults=29297, peak_wset=12136448, wset=11677696, peak_paged_pool=127624, paged_pool=110088, peak_nonpaged_pool=14544, nonpaged_pool=11960, pagefile=3072000, peak_pagefile=3178496, private=3072000)"
16156,mintty.exe,DESKTOP-5JAJVCB\taylor,0.0,"pmem(rss=70189056, vms=42520576, num_page_faults=42440, peak_wset=70819840, wset=70189056, peak_paged_pool=521224, paged_pool=518584, peak_nonpaged_pool=52912, nonpaged_pool=50808, pagefile=42520576, peak_pagefile=48074752, private=42520576)"
16188,SgrmBroker.exe,,0.0,"pmem(rss=8007680, vms=5529600, num_page_faults=5929, peak_wset=9920512, wset=8007680, peak_paged_pool=37056, paged_pool=35632, peak_nonpaged_pool=8008, nonpaged_pool=7600, pagefile=5529600, peak_pagefile=6807552, private=5529600)"
16276,nvsphelper64.exe,DESKTOP-5JAJVCB\taylor,0.0,"pmem(rss=14053376, vms=2940928, num_page_faults=5901, peak_wset=19218432, wset=14053376, peak_paged_pool=218864, paged_pool=211680, peak_nonpaged_pool=15952, nonpaged_pool=13616, pagefile=2940928, peak_pagefile=3858432, private=2940928)"
16376,msedgewebview2.exe,DESKTOP-5JAJVCB\taylor,0.0,"pmem(rss=145575936, vms=69189632, num_page_faults=58231, peak_wset=149688320, wset=145575936, peak_paged_pool=1348680, paged_pool=1330320, peak_nonpaged_pool=70128, nonpaged_pool=62744, pagefile=69189632, peak_pagefile=71946240, private=69189632)"
16444,StartMenuExperienceHost.exe,,0.0,"pmem(rss=163840, vms=21028864, num_page_faults=6711, peak_wset=26288128, wset=163840, peak_paged_pool=663744, paged_pool=4224, peak_nonpaged_pool=245696, nonpaged_pool=220536, pagefile=21028864, peak_pagefile=68874240, private=21028864)"
16516,vmware-tray.exe,DESKTOP-5JAJVCB\taylor,0.0,"pmem(rss=12255232, vms=3915776, num_page_faults=3560, peak_wset=12427264, wset=12255232, peak_paged_pool=227912, paged_pool=227112, peak_nonpaged_pool=18248, nonpaged_pool=17432, pagefile=3915776, peak_pagefile=4145152, private=3915776)"
16776,ShellExperienceHost.exe,DESKTOP-5JAJVCB\taylor,0.0,"pmem(rss=57458688, vms=48963584, num_page_faults=23951, peak_wset=73895936, wset=57458688, peak_paged_pool=920584, paged_pool=702280, peak_nonpaged_pool=34288, nonpaged_pool=31160, pagefile=48963584, peak_pagefile=53338112, private=48963584)"
17096,msedgewebview2.exe,DESKTOP-5JAJVCB\taylor,0.0,"pmem(rss=29929472, vms=10485760, num_page_faults=12110, peak_wset=33746944, wset=29929472, peak_paged_pool=821992, paged_pool=797408, peak_nonpaged_pool=22680, nonpaged_pool=18600, pagefile=10485760, peak_pagefile=11390976, private=10485760)"
17116,Code.exe,DESKTOP-5JAJVCB\taylor,0.0,"pmem(rss=182472704, vms=145973248, num_page_faults=131408, peak_wset=207798272, wset=182472704, peak_paged_pool=587376, paged_pool=576592, peak_nonpaged_pool=26752, nonpaged_pool=24432, pagefile=145973248, peak_pagefile=180690944, private=145973248)"
17800,msedgewebview2.exe,DESKTOP-5JAJVCB\taylor,0.0,"pmem(rss=48013312, vms=50286592, num_page_faults=17820, peak_wset=51474432, wset=48013312, peak_paged_pool=1037352, paged_pool=1037192, peak_nonpaged_pool=24600, nonpaged_pool=23512, pagefile=50286592, peak_pagefile=51945472, private=50286592)"
18128,chrome.exe,DESKTOP-5JAJVCB\taylor,0.0,"pmem(rss=9809920, vms=6918144, num_page_faults=2684, peak_wset=9928704, wset=9809920, peak_paged_pool=178848, paged_pool=178848, peak_nonpaged_pool=11176, nonpaged_pool=10736, pagefile=6918144, peak_pagefile=7008256, private=6918144)"
18200,pet.exe,DESKTOP-5JAJVCB\taylor,0.0,"pmem(rss=6582272, vms=1781760, num_page_faults=3591, peak_wset=7917568, wset=6582272, peak_paged_pool=64632, paged_pool=57336, peak_nonpaged_pool=26864, nonpaged_pool=5160, pagefile=1781760, peak_pagefile=3604480, private=1781760)"
18276,CompPkgSrv.exe,DESKTOP-5JAJVCB\taylor,0.0,"pmem(rss=9347072, vms=1593344, num_page_faults=2473, peak_wset=9555968, wset=9347072, peak_paged_pool=117800, paged_pool=117160, peak_nonpaged_pool=8424, nonpaged_pool=7336, pagefile=1593344, peak_pagefile=1888256, private=1593344)"
18456,chrome.exe,DESKTOP-5JAJVCB\taylor,0.0,"pmem(rss=108077056, vms=58347520, num_page_faults=45982, peak_wset=128299008, wset=108077056, peak_paged_pool=860232, paged_pool=810016, peak_nonpaged_pool=29800, nonpaged_pool=26392, pagefile=58347520, peak_pagefile=77066240, private=58347520)"
18504,msedge.exe,DESKTOP-5JAJVCB\taylor,0.0,"pmem(rss=56127488, vms=25300992, num_page_faults=18836, peak_wset=59600896, wset=56127488, peak_paged_pool=796392, paged_pool=761776, peak_nonpaged_pool=21456, nonpaged_pool=20680, pagefile=25300992, peak_pagefile=26333184, private=25300992)"
18532,powershell.exe,DESKTOP-5JAJVCB\taylor,0.0,"pmem(rss=79003648, vms=67072000, num_page_faults=42579, peak_wset=80805888, wset=79003648, peak_paged_pool=486360, paged_pool=477800, peak_nonpaged_pool=40888, nonpaged_pool=28928, pagefile=67072000, peak_pagefile=70377472, private=67072000)"
18644,msedgewebview2.exe,DESKTOP-5JAJVCB\taylor,0.0,"pmem(rss=19243008, vms=7528448, num_page_faults=6800, peak_wset=21704704, wset=19243008, peak_paged_pool=732904, paged_pool=732680, peak_nonpaged_pool=11416, nonpaged_pool=11416, pagefile=7528448, peak_pagefile=11689984, private=7528448)"
18848,chrome.exe,DESKTOP-5JAJVCB\taylor,0.0,"pmem(rss=165048320, vms=150507520, num_page_faults=614751, peak_wset=235937792, wset=165048320, peak_paged_pool=1240416, paged_pool=814416, peak_nonpaged_pool=50480, nonpaged_pool=34936, pagefile=150507520, peak_pagefile=190509056, private=150507520)"
19084,svchost.exe,,0.0,"pmem(rss=9494528, vms=2269184, num_page_faults=3088, peak_wset=10735616, wset=9494528, peak_paged_pool=98464, paged_pool=98192, peak_nonpaged_pool=12344, nonpaged_pool=11528, pagefile=2269184, peak_pagefile=2502656, private=2269184)"
19332,NVIDIA Web Helper.exe,DESKTOP-5JAJVCB\taylor,0.0,"pmem(rss=17608704, vms=31666176, num_page_faults=56062, peak_wset=85000192, wset=17608704, peak_paged_pool=406592, paged_pool=349760, peak_nonpaged_pool=86568, nonpaged_pool=77976, pagefile=31666176, peak_pagefile=42766336, private=31666176)"
19400,msedge.exe,DESKTOP-5JAJVCB\taylor,0.0,"pmem(rss=155127808, vms=103010304, num_page_faults=338773, peak_wset=236867584, wset=155127808, peak_paged_pool=1220888, paged_pool=1170680, peak_nonpaged_pool=34040, nonpaged_pool=27344, pagefile=103010304, peak_pagefile=167604224, private=103010304)"
